               epoch,      train/box_loss,      train/obj_loss,      train/cls_loss,   metrics/precision,      metrics/recall,     metrics/mAP_0.5,metrics/mAP_0.5:0.95,        val/box_loss,        val/obj_loss,        val/cls_loss,               x/lr0,               x/lr1,               x/lr2
                   0,             0.10107,            0.029527,            0.084462,             0.03452,            0.072464,            0.017359,           0.0019953,            0.044207,            0.021272,            0.055406,           0.0032353,           0.0032353,            0.070882
                   1,            0.064613,              0.0255,            0.077006,            0.063424,             0.27536,            0.033718,           0.0098367,            0.053562,             0.01271,            0.052815,            0.006547,            0.006547,            0.040861
                   2,            0.064319,            0.022884,            0.075764,            0.058909,             0.24202,            0.074945,            0.022306,            0.039044,            0.012892,            0.051563,           0.0098366,           0.0098366,            0.010817
                   3,            0.057833,            0.019814,            0.074065,            0.034721,              0.6087,             0.12441,            0.052832,            0.037456,            0.011599,            0.049777,            0.009901,            0.009901,            0.009901
                   4,            0.053199,            0.017233,             0.07087,            0.077858,             0.18952,             0.10919,            0.046351,            0.030632,            0.013553,            0.049106,            0.009901,            0.009901,            0.009901
                   5,            0.052243,            0.016707,            0.069581,             0.02762,             0.36232,            0.067085,            0.031919,            0.035262,            0.011529,            0.048798,            0.009868,            0.009868,            0.009868
                   6,            0.051614,            0.016231,            0.071445,              0.6201,             0.18045,             0.15009,            0.057827,            0.036682,            0.010912,            0.049473,            0.009835,            0.009835,            0.009835
                   7,            0.045062,            0.015536,            0.067092,             0.14381,             0.23487,             0.15593,            0.069435,            0.037086,           0.0088813,            0.047412,            0.009802,            0.009802,            0.009802
                   8,            0.047251,            0.013922,            0.063384,             0.60784,             0.18836,             0.21001,            0.099478,            0.027834,             0.01264,            0.046243,            0.009769,            0.009769,            0.009769
                   9,            0.044424,            0.013683,            0.065148,             0.17791,             0.32076,               0.258,             0.14531,            0.026782,            0.011417,            0.044849,            0.009736,            0.009736,            0.009736
                  10,             0.04237,            0.013978,            0.064653,             0.19147,             0.66753,              0.3807,             0.22861,            0.024252,           0.0080865,            0.043155,            0.009703,            0.009703,            0.009703
                  11,            0.041944,            0.013452,            0.063606,             0.17279,             0.49763,             0.34712,             0.18978,            0.025486,           0.0084508,            0.041802,             0.00967,             0.00967,             0.00967
                  12,            0.038957,            0.012556,            0.059381,             0.22142,             0.75766,              0.4396,             0.22828,            0.026113,            0.007437,            0.040209,            0.009637,            0.009637,            0.009637
                  13,            0.042749,            0.011956,            0.057867,             0.44515,             0.63169,              0.4801,             0.25107,            0.024259,           0.0078282,             0.03731,            0.009604,            0.009604,            0.009604
                  14,            0.039724,            0.013052,            0.055408,             0.33326,             0.71315,              0.4991,             0.25565,            0.024341,           0.0071439,            0.035846,            0.009571,            0.009571,            0.009571
                  15,              0.0423,            0.012633,            0.057987,             0.46371,             0.69167,             0.56099,             0.36604,            0.020506,           0.0067129,            0.034536,            0.009538,            0.009538,            0.009538
                  16,            0.038415,            0.012465,            0.055446,             0.58478,             0.57403,             0.60301,             0.35291,            0.021531,           0.0071526,            0.033507,            0.009505,            0.009505,            0.009505
                  17,            0.039615,            0.012945,            0.053167,             0.44027,             0.75861,             0.65721,              0.3922,            0.022602,           0.0066455,            0.032149,            0.009472,            0.009472,            0.009472
                  18,            0.038108,            0.011923,            0.049517,             0.36818,             0.73227,             0.63267,             0.37366,            0.023414,           0.0068287,            0.030744,            0.009439,            0.009439,            0.009439
                  19,            0.040838,            0.012458,            0.051368,             0.34909,             0.66859,             0.55853,             0.23433,            0.032111,            0.006493,            0.030288,            0.009406,            0.009406,            0.009406
                  20,            0.040402,            0.012848,            0.050376,             0.53842,             0.68228,             0.70916,             0.41919,            0.022484,           0.0065968,            0.029451,            0.009373,            0.009373,            0.009373
                  21,            0.038252,             0.01168,            0.047655,             0.40548,             0.77539,             0.67239,             0.35643,            0.022937,           0.0062575,            0.028154,             0.00934,             0.00934,             0.00934
                  22,            0.040331,            0.011749,            0.045258,             0.51607,             0.73899,             0.70743,             0.36993,            0.023712,           0.0063888,             0.02686,            0.009307,            0.009307,            0.009307
                  23,            0.039118,            0.012136,            0.046195,             0.45501,             0.81692,             0.68794,             0.45281,            0.019851,           0.0062024,            0.025717,            0.009274,            0.009274,            0.009274
                  24,            0.038693,            0.011626,             0.04318,             0.49749,             0.75362,             0.71301,             0.36319,            0.023834,           0.0069651,            0.025236,            0.009241,            0.009241,            0.009241
                  25,            0.039636,            0.011267,            0.042924,             0.47438,             0.79173,             0.77344,             0.51838,            0.020326,           0.0060648,             0.02384,            0.009208,            0.009208,            0.009208
                  26,            0.038991,            0.012048,            0.040977,             0.44603,             0.87517,             0.74619,             0.47156,            0.019875,           0.0061615,            0.022585,            0.009175,            0.009175,            0.009175
                  27,            0.040088,            0.011976,            0.037852,             0.45602,             0.90721,             0.75707,             0.43428,            0.024886,           0.0058849,            0.021677,            0.009142,            0.009142,            0.009142
                  28,            0.036867,            0.011278,            0.038331,             0.64018,             0.81897,             0.80397,             0.52283,            0.019993,           0.0060165,            0.020886,            0.009109,            0.009109,            0.009109
                  29,            0.039123,            0.011571,            0.039795,              0.5903,             0.77607,             0.77108,              0.4976,            0.021277,           0.0059422,            0.020857,            0.009076,            0.009076,            0.009076
                  30,            0.040188,            0.010879,            0.037582,             0.55472,             0.89692,             0.80381,             0.51443,            0.020914,           0.0064195,            0.020628,            0.009043,            0.009043,            0.009043
                  31,            0.039171,            0.011024,            0.033596,             0.62775,             0.78704,             0.78775,             0.51885,            0.019584,           0.0063769,            0.019372,             0.00901,             0.00901,             0.00901
                  32,            0.037906,            0.011198,            0.033896,             0.64774,              0.8884,             0.79622,             0.51487,            0.020024,           0.0067843,            0.019499,            0.008977,            0.008977,            0.008977
                  33,            0.035703,            0.010753,            0.034441,              0.6964,             0.81577,             0.82704,             0.52718,            0.020694,           0.0060033,            0.018338,            0.008944,            0.008944,            0.008944
                  34,            0.036329,            0.011366,            0.034732,               0.695,             0.86634,             0.82541,             0.48768,            0.020815,           0.0061594,            0.017708,            0.008911,            0.008911,            0.008911
                  35,            0.039513,            0.011733,            0.034335,             0.60042,             0.79402,             0.80184,             0.48582,            0.020635,           0.0062855,            0.019276,            0.008878,            0.008878,            0.008878
                  36,            0.037922,            0.011857,            0.033816,               0.575,              0.8957,             0.81049,             0.53139,            0.020951,           0.0064025,            0.018071,            0.008845,            0.008845,            0.008845
                  37,            0.037164,            0.010749,              0.0319,             0.68011,             0.86924,             0.85866,              0.5453,              0.0208,            0.006421,            0.015962,            0.008812,            0.008812,            0.008812
                  38,            0.037257,            0.010744,            0.028826,             0.59521,             0.89848,             0.83793,              0.5663,            0.020609,           0.0063911,            0.016642,            0.008779,            0.008779,            0.008779
                  39,            0.037022,            0.010834,            0.029047,             0.65507,             0.89732,             0.88838,             0.58229,            0.020001,           0.0062087,            0.014528,            0.008746,            0.008746,            0.008746
                  40,            0.036335,            0.010829,            0.027633,             0.66556,             0.81415,             0.83139,             0.47208,            0.024789,           0.0071614,             0.01629,            0.008713,            0.008713,            0.008713
                  41,            0.039433,            0.010776,            0.031502,              0.6408,             0.80366,              0.8672,              0.5246,             0.02114,           0.0067046,            0.015423,             0.00868,             0.00868,             0.00868
                  42,             0.03528,            0.011224,            0.028152,             0.64526,             0.88596,             0.84314,             0.56639,            0.020924,           0.0058328,            0.016315,            0.008647,            0.008647,            0.008647
                  43,            0.038627,             0.01028,            0.029611,             0.72505,             0.83457,             0.85233,             0.56837,            0.019865,           0.0059859,             0.01522,            0.008614,            0.008614,            0.008614
                  44,            0.035475,            0.011009,             0.02593,             0.65982,             0.89344,             0.89081,             0.59305,            0.019443,           0.0062413,            0.013428,            0.008581,            0.008581,            0.008581
                  45,            0.034448,            0.010871,            0.026577,              0.6657,             0.93676,             0.89606,             0.62621,            0.019079,           0.0060284,            0.013271,            0.008548,            0.008548,            0.008548
                  46,            0.036108,            0.010364,            0.026658,             0.67411,             0.95034,             0.89664,             0.61819,             0.02174,           0.0057294,            0.013923,            0.008515,            0.008515,            0.008515
                  47,            0.036011,            0.011004,            0.026538,             0.69296,             0.90567,             0.86797,             0.61556,            0.018912,           0.0057609,            0.014816,            0.008482,            0.008482,            0.008482
                  48,            0.035258,            0.010395,            0.022703,             0.71687,             0.95891,             0.89725,             0.59328,            0.019454,           0.0057522,            0.011764,            0.008449,            0.008449,            0.008449
                  49,            0.035748,            0.010587,            0.022435,             0.73971,             0.94372,             0.91984,             0.59926,            0.019823,           0.0058742,            0.011844,            0.008416,            0.008416,            0.008416
                  50,            0.038274,            0.010814,            0.025282,             0.64741,             0.89541,             0.89379,             0.54221,              0.0229,           0.0059618,            0.012546,            0.008383,            0.008383,            0.008383
                  51,            0.037969,            0.010576,            0.024036,             0.72054,               0.963,             0.92309,              0.6182,            0.019016,           0.0064351,            0.011481,             0.00835,             0.00835,             0.00835
                  52,            0.036703,            0.010853,            0.020757,              0.6933,             0.95336,             0.91316,             0.63509,            0.020503,           0.0063267,            0.011086,            0.008317,            0.008317,            0.008317
                  53,            0.035749,            0.010112,            0.024952,             0.72388,              0.9693,             0.90265,             0.60429,            0.019557,           0.0062285,            0.010944,            0.008284,            0.008284,            0.008284
                  54,            0.035067,            0.010556,            0.023016,             0.76731,             0.91966,             0.90209,              0.5847,            0.019024,           0.0065511,            0.011625,            0.008251,            0.008251,            0.008251
                  55,            0.035281,            0.010455,            0.022019,             0.74618,             0.90927,             0.89765,             0.58482,            0.019013,           0.0063197,            0.011129,            0.008218,            0.008218,            0.008218
                  56,            0.037485,            0.010303,            0.025966,             0.73694,             0.93336,             0.93125,             0.59859,            0.019851,            0.005986,            0.012243,            0.008185,            0.008185,            0.008185
                  57,            0.035483,            0.010366,            0.023273,             0.81005,             0.78328,             0.86671,             0.58788,            0.019956,           0.0080249,            0.013261,            0.008152,            0.008152,            0.008152
                  58,            0.037423,            0.010266,            0.025411,             0.81516,             0.90631,              0.9322,             0.64866,            0.018159,           0.0058033,            0.011463,            0.008119,            0.008119,            0.008119
                  59,            0.035496,              0.0105,            0.022924,             0.78752,             0.83354,             0.87689,             0.58568,             0.02169,           0.0079761,            0.013632,            0.008086,            0.008086,            0.008086
                  60,             0.03505,             0.01057,            0.022035,             0.80891,             0.94268,             0.94965,              0.6582,            0.019867,            0.006027,            0.011158,            0.008053,            0.008053,            0.008053
                  61,            0.035239,            0.010191,             0.02266,             0.85381,             0.93366,             0.96038,             0.68582,            0.017798,            0.006034,           0.0099895,             0.00802,             0.00802,             0.00802
                  62,            0.035322,            0.010864,             0.02187,             0.80993,             0.92285,             0.93038,             0.65058,            0.018975,           0.0065034,            0.010089,            0.007987,            0.007987,            0.007987
                  63,            0.036693,            0.010543,            0.021954,             0.76696,             0.93333,             0.94107,             0.59669,            0.021423,           0.0061725,            0.010192,            0.007954,            0.007954,            0.007954
                  64,            0.035387,            0.010278,            0.020163,             0.81305,             0.87321,             0.91906,             0.63567,            0.019735,           0.0059909,            0.011133,            0.007921,            0.007921,            0.007921
                  65,            0.033631,            0.010918,            0.023837,              0.8805,             0.91547,             0.94673,             0.67358,             0.01714,           0.0058132,           0.0096335,            0.007888,            0.007888,            0.007888
                  66,            0.033356,            0.010443,            0.021662,             0.84109,             0.94402,             0.95987,             0.69504,            0.017891,           0.0060501,           0.0089504,            0.007855,            0.007855,            0.007855
                  67,            0.033578,            0.010554,            0.019413,             0.83787,             0.92175,             0.95626,             0.65578,            0.018491,           0.0060767,           0.0089549,            0.007822,            0.007822,            0.007822
                  68,            0.033757,            0.010467,            0.021018,             0.85182,             0.92747,             0.95573,             0.69276,            0.017835,           0.0058539,           0.0095284,            0.007789,            0.007789,            0.007789
                  69,            0.031971,            0.010304,            0.018997,             0.85931,             0.96164,             0.95395,             0.68592,             0.01802,           0.0058233,           0.0089776,            0.007756,            0.007756,            0.007756
                  70,            0.034008,            0.010246,            0.018053,             0.92253,             0.91439,             0.96031,             0.69528,            0.016854,            0.005718,           0.0079767,            0.007723,            0.007723,            0.007723
                  71,            0.034823,            0.010943,            0.017389,             0.92679,             0.92992,             0.95286,             0.68174,            0.016403,           0.0059156,           0.0080846,             0.00769,             0.00769,             0.00769
                  72,            0.032852,             0.01017,             0.01676,             0.92794,             0.88959,             0.95277,             0.67484,             0.01726,            0.005887,            0.008626,            0.007657,            0.007657,            0.007657
                  73,            0.031885,           0.0099788,            0.017689,             0.89661,             0.96242,             0.95589,             0.70103,            0.017705,           0.0057108,           0.0075725,            0.007624,            0.007624,            0.007624
                  74,            0.033422,             0.01043,            0.016051,             0.88874,             0.95688,             0.96393,             0.69645,            0.016538,           0.0058814,           0.0082368,            0.007591,            0.007591,            0.007591
                  75,            0.033169,            0.010324,            0.018604,               0.929,             0.90262,             0.95678,             0.67799,            0.016978,           0.0061206,           0.0081583,            0.007558,            0.007558,            0.007558
                  76,            0.031626,            0.010411,            0.015947,             0.92183,             0.92078,              0.9602,             0.68476,            0.017182,           0.0058254,           0.0083576,            0.007525,            0.007525,            0.007525
                  77,            0.032088,             0.01007,            0.017966,              0.8951,             0.93877,             0.96489,             0.68463,            0.018504,            0.005723,           0.0081092,            0.007492,            0.007492,            0.007492
                  78,            0.031774,           0.0096252,            0.013639,             0.79862,             0.95244,             0.94628,             0.67234,            0.017914,           0.0057966,           0.0091658,            0.007459,            0.007459,            0.007459
                  79,            0.029839,            0.010288,            0.015328,             0.91386,             0.92036,             0.96041,             0.69098,            0.017344,           0.0058893,           0.0075512,            0.007426,            0.007426,            0.007426
                  80,            0.031508,           0.0094709,            0.016098,             0.91931,             0.94685,             0.96729,              0.6885,            0.017816,           0.0058668,           0.0074381,            0.007393,            0.007393,            0.007393
                  81,            0.034232,            0.010138,            0.016283,             0.96682,             0.90123,              0.9636,             0.65333,            0.018847,           0.0055897,            0.007947,             0.00736,             0.00736,             0.00736
                  82,            0.033711,            0.009985,            0.018703,             0.91472,             0.91639,             0.95584,              0.6962,             0.01684,           0.0056129,           0.0088328,            0.007327,            0.007327,            0.007327
                  83,            0.031426,           0.0099578,            0.014244,             0.93286,             0.90721,              0.9511,             0.69105,            0.017319,           0.0059267,            0.008226,            0.007294,            0.007294,            0.007294
                  84,            0.032251,           0.0094832,             0.01486,             0.97214,             0.95506,             0.97073,              0.7321,             0.01556,           0.0052588,           0.0064964,            0.007261,            0.007261,            0.007261
                  85,            0.033034,           0.0097027,            0.016153,             0.94576,             0.95519,             0.96432,             0.71218,            0.016141,           0.0054298,           0.0065875,            0.007228,            0.007228,            0.007228
                  86,            0.028832,            0.009792,            0.013802,             0.85698,             0.95656,              0.9676,             0.68393,            0.016302,           0.0056256,            0.007392,            0.007195,            0.007195,            0.007195
                  87,            0.029312,           0.0097096,             0.01344,             0.88487,             0.93414,             0.96118,             0.67696,            0.017895,           0.0058354,           0.0075865,            0.007162,            0.007162,            0.007162
                  88,            0.029739,           0.0091964,            0.012281,             0.94714,             0.95671,             0.96762,             0.66212,            0.019951,           0.0058242,           0.0067522,            0.007129,            0.007129,            0.007129
                  89,            0.031928,           0.0094688,            0.016582,             0.95705,             0.92555,             0.96802,             0.67151,            0.018021,           0.0055694,           0.0076588,            0.007096,            0.007096,            0.007096
                  90,            0.030089,           0.0097491,            0.012946,             0.91578,             0.93479,             0.96684,             0.72842,             0.01598,            0.005478,           0.0074043,            0.007063,            0.007063,            0.007063
                  91,            0.031534,           0.0097634,            0.013582,             0.94984,             0.92707,             0.97726,              0.7284,            0.016153,           0.0055434,           0.0076816,             0.00703,             0.00703,             0.00703
                  92,            0.032295,           0.0095693,             0.01583,             0.93912,              0.9497,             0.96649,             0.69056,            0.018451,           0.0059683,           0.0066065,            0.006997,            0.006997,            0.006997
                  93,            0.030875,            0.010273,             0.01384,             0.94331,             0.90579,             0.96132,             0.68481,            0.017295,           0.0059075,           0.0097479,            0.006964,            0.006964,            0.006964
                  94,            0.031603,           0.0092625,            0.013848,             0.93471,             0.94456,             0.96753,             0.70896,            0.016491,           0.0056177,           0.0067651,            0.006931,            0.006931,            0.006931
                  95,            0.032382,           0.0098333,            0.015977,             0.93175,             0.94865,             0.96417,             0.70212,             0.01647,           0.0060165,           0.0063113,            0.006898,            0.006898,            0.006898
                  96,            0.031628,           0.0088971,            0.013657,             0.95569,             0.89546,             0.96767,             0.69993,             0.01699,           0.0060481,            0.007676,            0.006865,            0.006865,            0.006865
                  97,            0.032729,            0.010223,            0.013348,             0.93848,             0.92096,             0.96244,             0.69065,            0.017386,           0.0056072,           0.0071673,            0.006832,            0.006832,            0.006832
                  98,            0.030588,           0.0097174,            0.012322,             0.92109,              0.9269,             0.96529,             0.72361,            0.016549,           0.0057572,           0.0072557,            0.006799,            0.006799,            0.006799
                  99,            0.032684,           0.0093801,            0.013613,              0.8918,             0.95157,             0.97048,             0.71534,            0.015611,           0.0058443,            0.007073,            0.006766,            0.006766,            0.006766
                 100,            0.029547,           0.0095573,            0.012467,             0.91755,              0.9198,             0.98035,             0.71717,            0.017044,           0.0061502,           0.0094546,            0.006733,            0.006733,            0.006733
                 101,            0.031731,            0.010104,            0.014305,             0.92267,             0.93763,             0.96277,             0.71559,            0.016569,           0.0056741,           0.0079627,              0.0067,              0.0067,              0.0067
                 102,             0.03036,           0.0096179,            0.012828,             0.91658,             0.95945,             0.96458,             0.72688,            0.015817,           0.0056763,           0.0066184,            0.006667,            0.006667,            0.006667
                 103,            0.030494,           0.0096554,            0.013383,             0.92029,             0.94132,             0.96216,             0.71603,            0.015522,           0.0056659,           0.0066216,            0.006634,            0.006634,            0.006634
                 104,             0.02988,           0.0091841,            0.011341,              0.9355,             0.91537,             0.94844,             0.69182,            0.016918,           0.0058779,           0.0079244,            0.006601,            0.006601,            0.006601
                 105,             0.02903,           0.0098325,            0.010535,             0.95541,              0.9407,             0.96248,             0.68936,            0.015838,           0.0059066,           0.0073007,            0.006568,            0.006568,            0.006568
                 106,             0.03002,            0.010196,             0.01086,             0.97229,             0.93759,             0.96367,             0.70796,            0.015973,           0.0057932,           0.0061777,            0.006535,            0.006535,            0.006535
                 107,            0.029584,           0.0096752,            0.012304,              0.9519,             0.96639,             0.95778,             0.72305,            0.015819,           0.0058029,            0.005866,            0.006502,            0.006502,            0.006502
                 108,            0.028352,             0.00956,              0.0118,             0.94402,             0.94524,             0.95756,              0.7065,            0.017473,           0.0060678,           0.0069332,            0.006469,            0.006469,            0.006469
                 109,            0.028268,           0.0086692,            0.009588,             0.93863,             0.95655,             0.96787,             0.73117,            0.016058,           0.0057079,           0.0060922,            0.006436,            0.006436,            0.006436
                 110,            0.030245,           0.0085237,           0.0099241,             0.93479,             0.96063,             0.96827,             0.72263,            0.016305,           0.0057597,           0.0064177,            0.006403,            0.006403,            0.006403
                 111,            0.027806,           0.0090756,            0.011546,             0.95267,             0.97098,              0.9723,             0.72382,            0.015479,           0.0055544,           0.0053774,             0.00637,             0.00637,             0.00637
                 112,            0.030595,           0.0089898,            0.012388,             0.98559,             0.93129,             0.97765,             0.73418,            0.014992,           0.0054943,           0.0051204,            0.006337,            0.006337,            0.006337
                 113,            0.029116,           0.0094171,            0.011405,              0.9485,             0.93893,             0.96364,             0.72231,            0.015912,           0.0054781,           0.0066961,            0.006304,            0.006304,            0.006304
                 114,            0.027906,           0.0098449,            0.010836,              0.9652,             0.94014,             0.96718,             0.71809,            0.015204,            0.005528,           0.0064236,            0.006271,            0.006271,            0.006271
                 115,            0.029432,           0.0093073,            0.011961,             0.95865,             0.91985,             0.97127,             0.72513,            0.015232,           0.0058476,           0.0066162,            0.006238,            0.006238,            0.006238
                 116,             0.02871,           0.0093806,            0.010975,             0.94592,              0.9418,               0.968,             0.70817,             0.01595,           0.0057272,           0.0065521,            0.006205,            0.006205,            0.006205
                 117,            0.029377,           0.0097108,            0.009407,             0.92223,              0.9369,             0.96337,             0.71925,            0.015412,            0.005441,           0.0080487,            0.006172,            0.006172,            0.006172
                 118,            0.028643,           0.0094069,            0.013371,             0.95436,             0.95838,             0.96299,             0.75353,            0.013998,           0.0052963,            0.006775,            0.006139,            0.006139,            0.006139
                 119,            0.028046,           0.0094297,            0.010731,             0.96503,              0.9507,             0.96644,             0.73012,            0.015475,           0.0056461,           0.0059189,            0.006106,            0.006106,            0.006106
                 120,            0.027883,           0.0094441,            0.011963,             0.95804,             0.93704,             0.95815,             0.69948,            0.015847,           0.0054633,           0.0066065,            0.006073,            0.006073,            0.006073
                 121,            0.030139,           0.0097031,            0.010927,             0.95278,             0.96962,             0.95788,             0.71866,            0.015826,           0.0057029,           0.0059881,             0.00604,             0.00604,             0.00604
                 122,            0.026609,           0.0091368,            0.010691,             0.95874,             0.96407,             0.96276,             0.72439,            0.015149,           0.0055545,           0.0057323,            0.006007,            0.006007,            0.006007
                 123,            0.027431,           0.0092707,           0.0089469,             0.95209,             0.96179,             0.96242,             0.73027,            0.014316,           0.0055676,           0.0059408,            0.005974,            0.005974,            0.005974
                 124,            0.025233,           0.0095003,            0.010723,             0.96226,             0.96147,             0.96351,             0.74886,            0.014773,           0.0054882,           0.0055394,            0.005941,            0.005941,            0.005941
                 125,            0.028697,           0.0088165,           0.0092591,             0.96429,             0.94607,             0.96265,             0.72337,             0.01517,           0.0058758,           0.0066042,            0.005908,            0.005908,            0.005908
                 126,            0.029345,           0.0089158,           0.0094789,             0.96124,             0.94163,             0.97187,             0.72589,              0.0159,           0.0057991,           0.0071317,            0.005875,            0.005875,            0.005875
                 127,            0.025831,           0.0084714,           0.0098015,             0.97073,             0.95988,             0.98085,             0.71281,            0.015628,           0.0058336,           0.0052766,            0.005842,            0.005842,            0.005842
                 128,            0.027062,           0.0089497,           0.0088715,             0.85103,             0.93756,             0.96487,             0.69504,            0.017018,           0.0067023,           0.0088721,            0.005809,            0.005809,            0.005809
                 129,             0.02711,             0.00904,            0.010018,             0.92708,             0.93273,             0.96403,             0.69802,            0.016224,           0.0060823,           0.0070459,            0.005776,            0.005776,            0.005776
                 130,            0.028001,           0.0089892,            0.011086,             0.93826,             0.94419,             0.95762,             0.69681,            0.014896,           0.0058185,           0.0070446,            0.005743,            0.005743,            0.005743
                 131,            0.026963,           0.0090064,            0.010385,             0.96666,             0.89681,             0.97152,              0.7081,            0.015826,           0.0059069,           0.0086159,             0.00571,             0.00571,             0.00571
                 132,            0.028152,           0.0089857,           0.0090013,             0.91041,             0.96424,             0.96912,             0.71785,            0.015152,           0.0056118,            0.006758,            0.005677,            0.005677,            0.005677
                 133,            0.026775,           0.0090953,            0.009219,             0.94118,             0.96234,             0.96764,             0.73693,             0.01491,           0.0057571,           0.0066304,            0.005644,            0.005644,            0.005644
                 134,            0.026985,           0.0088312,           0.0095043,             0.94073,             0.94812,             0.96721,             0.71823,            0.015187,           0.0059634,           0.0066682,            0.005611,            0.005611,            0.005611
                 135,            0.029522,           0.0093517,            0.010345,             0.94849,             0.94763,              0.9671,             0.73912,            0.014912,           0.0058869,           0.0063917,            0.005578,            0.005578,            0.005578
                 136,            0.029206,           0.0091275,            0.012724,             0.90305,             0.97101,             0.97364,             0.74088,            0.014744,           0.0058822,           0.0051977,            0.005545,            0.005545,            0.005545
                 137,            0.027977,           0.0086486,               0.012,             0.95378,             0.93614,             0.96477,             0.71187,            0.015295,           0.0059655,           0.0057125,            0.005512,            0.005512,            0.005512
                 138,            0.027759,           0.0092193,            0.010612,              0.9662,             0.90934,              0.9678,             0.73405,            0.015331,           0.0056311,           0.0051828,            0.005479,            0.005479,            0.005479
                 139,            0.028437,           0.0091202,             0.01006,             0.97692,             0.93412,             0.95369,             0.72032,             0.01508,           0.0058598,           0.0054689,            0.005446,            0.005446,            0.005446
                 140,            0.027448,           0.0090287,           0.0091237,             0.91033,             0.95639,             0.95865,             0.70334,            0.015723,           0.0058765,           0.0055597,            0.005413,            0.005413,            0.005413
                 141,            0.027653,           0.0091756,           0.0086271,             0.96793,             0.94321,             0.96261,             0.70594,            0.015521,           0.0060852,           0.0059425,             0.00538,             0.00538,             0.00538
                 142,            0.027368,           0.0087291,            0.009705,             0.98727,             0.93995,             0.96889,              0.7078,            0.015932,           0.0058986,           0.0049943,            0.005347,            0.005347,            0.005347
                 143,            0.027645,           0.0090237,           0.0085635,             0.95781,             0.92564,             0.96392,             0.70806,             0.01475,           0.0057552,           0.0062626,            0.005314,            0.005314,            0.005314
                 144,            0.026234,           0.0089867,           0.0088656,             0.92102,             0.93983,             0.96288,             0.72668,            0.013861,           0.0057998,           0.0070903,            0.005281,            0.005281,            0.005281
                 145,            0.028564,           0.0089912,           0.0098372,             0.91116,             0.96319,             0.96075,             0.73113,            0.014924,            0.005728,           0.0065202,            0.005248,            0.005248,            0.005248
                 146,            0.027107,           0.0089989,           0.0085472,             0.91387,             0.95266,             0.96284,             0.73576,            0.014198,            0.005621,           0.0066847,            0.005215,            0.005215,            0.005215
                 147,             0.02395,           0.0085212,           0.0081085,             0.91713,             0.96477,             0.95819,             0.73861,            0.013677,           0.0055599,           0.0059266,            0.005182,            0.005182,            0.005182
                 148,            0.028383,            0.008743,           0.0088761,             0.94873,             0.96662,             0.95968,             0.73067,             0.01418,           0.0056977,           0.0055538,            0.005149,            0.005149,            0.005149
                 149,            0.027409,           0.0091456,           0.0093307,             0.92886,             0.96504,             0.96154,             0.74406,            0.014208,           0.0056841,           0.0060435,            0.005116,            0.005116,            0.005116
                 150,            0.028397,            0.008579,           0.0094801,             0.96812,             0.93333,             0.97086,             0.72947,             0.01377,           0.0056662,           0.0057608,            0.005083,            0.005083,            0.005083
                 151,            0.026521,            0.008738,           0.0077607,             0.97377,              0.9573,             0.96909,             0.72967,            0.014233,           0.0056474,           0.0050332,             0.00505,             0.00505,             0.00505
                 152,            0.026407,           0.0087215,           0.0081495,             0.94899,             0.96051,             0.97367,             0.71128,            0.014589,           0.0060498,           0.0048484,            0.005017,            0.005017,            0.005017
                 153,            0.024835,           0.0088247,           0.0072766,             0.95617,             0.96574,             0.97128,             0.73137,            0.014392,           0.0059272,           0.0048984,            0.004984,            0.004984,            0.004984
                 154,            0.029412,           0.0088776,           0.0086003,             0.96639,              0.9642,             0.97041,             0.74448,             0.01391,           0.0058147,           0.0053389,            0.004951,            0.004951,            0.004951
                 155,            0.026305,           0.0083553,            0.010051,             0.97161,             0.94848,             0.97188,             0.72268,            0.015062,           0.0057124,           0.0050223,            0.004918,            0.004918,            0.004918
                 156,            0.025893,           0.0092508,           0.0081807,             0.97137,             0.92432,             0.96466,             0.71349,            0.014872,           0.0057729,           0.0061402,            0.004885,            0.004885,            0.004885
                 157,            0.025827,           0.0083726,           0.0091354,             0.95576,              0.9254,             0.96259,             0.71287,            0.014449,           0.0057855,           0.0062513,            0.004852,            0.004852,            0.004852
                 158,            0.025845,           0.0088742,            0.010909,             0.96968,              0.9452,             0.96502,             0.72977,            0.014442,           0.0057628,           0.0051283,            0.004819,            0.004819,            0.004819
                 159,            0.026648,           0.0089599,            0.012291,             0.96789,             0.94257,             0.97121,             0.70894,            0.014738,           0.0059306,           0.0049882,            0.004786,            0.004786,            0.004786
                 160,            0.025933,           0.0086429,            0.010753,             0.94039,             0.97101,             0.97511,             0.74056,            0.014378,           0.0055816,            0.004789,            0.004753,            0.004753,            0.004753
                 161,            0.024899,           0.0083755,           0.0085523,             0.97588,             0.94439,             0.97511,             0.75525,            0.014225,           0.0056866,           0.0056005,             0.00472,             0.00472,             0.00472
                 162,            0.025375,           0.0082799,                0.01,             0.91155,             0.97101,             0.96076,             0.72222,            0.015086,           0.0058617,           0.0057832,            0.004687,            0.004687,            0.004687
                 163,            0.025994,           0.0086088,            0.010796,             0.94812,             0.94405,             0.96377,             0.74711,             0.01389,           0.0054855,           0.0059781,            0.004654,            0.004654,            0.004654
                 164,            0.024791,           0.0089472,           0.0076085,             0.95946,             0.92418,             0.96918,             0.73924,            0.014321,           0.0056235,           0.0063936,            0.004621,            0.004621,            0.004621
                 165,            0.026161,            0.008837,           0.0084363,             0.97107,             0.93903,             0.96854,             0.74235,            0.014286,           0.0057008,           0.0053946,            0.004588,            0.004588,            0.004588
                 166,            0.025657,           0.0089377,            0.008446,             0.97952,             0.92711,             0.96845,             0.73879,            0.014254,           0.0057555,           0.0054646,            0.004555,            0.004555,            0.004555
                 167,            0.024256,            0.008345,           0.0067868,             0.97698,             0.95247,             0.96758,             0.73495,            0.014839,           0.0060943,           0.0054518,            0.004522,            0.004522,            0.004522
                 168,            0.026336,           0.0086255,           0.0076992,             0.98061,             0.96261,             0.96739,             0.74432,            0.014045,           0.0058118,           0.0057602,            0.004489,            0.004489,            0.004489
                 169,            0.024784,            0.008447,           0.0061586,             0.94572,             0.95255,             0.95821,             0.71053,            0.015131,           0.0061746,           0.0058426,            0.004456,            0.004456,            0.004456
                 170,            0.024851,           0.0088611,           0.0073578,             0.92464,             0.96757,              0.9691,              0.7511,            0.013907,           0.0061279,            0.006382,            0.004423,            0.004423,            0.004423
                 171,            0.025276,           0.0083673,            0.007747,             0.96392,             0.96895,              0.9629,             0.72883,            0.014269,           0.0056203,           0.0056002,             0.00439,             0.00439,             0.00439
                 172,            0.023416,            0.008436,           0.0070655,             0.95525,             0.96232,             0.96291,             0.73796,            0.013943,            0.005564,           0.0055206,            0.004357,            0.004357,            0.004357
                 173,            0.025717,           0.0088768,           0.0081455,              0.9481,             0.95842,             0.96731,             0.74324,            0.014798,            0.005659,           0.0058416,            0.004324,            0.004324,            0.004324
                 174,            0.024657,           0.0084596,           0.0071754,             0.95187,             0.95646,             0.95962,             0.72624,            0.013696,           0.0057462,           0.0066209,            0.004291,            0.004291,            0.004291
                 175,            0.025792,           0.0086867,           0.0070838,             0.96068,             0.96899,             0.96375,             0.73068,            0.014603,           0.0059644,           0.0060705,            0.004258,            0.004258,            0.004258
                 176,            0.025765,           0.0083616,           0.0096013,             0.96996,             0.96982,             0.96362,             0.74552,            0.013659,           0.0056042,           0.0058716,            0.004225,            0.004225,            0.004225
                 177,            0.022905,           0.0083085,           0.0075604,              0.9667,             0.95545,             0.96325,             0.73167,            0.014374,            0.005679,           0.0051264,            0.004192,            0.004192,            0.004192
                 178,            0.025525,           0.0084698,           0.0081364,             0.96174,             0.94489,             0.96274,             0.73108,            0.014459,           0.0056395,           0.0062457,            0.004159,            0.004159,            0.004159
                 179,            0.024954,            0.008124,           0.0078891,             0.95561,             0.94506,              0.9627,             0.73835,            0.013646,           0.0055832,           0.0066461,            0.004126,            0.004126,            0.004126
                 180,            0.025648,            0.008816,           0.0085955,             0.94915,              0.9424,             0.95816,             0.73928,            0.013603,           0.0057695,           0.0062574,            0.004093,            0.004093,            0.004093
                 181,            0.024264,           0.0082209,           0.0075517,              0.9724,              0.9351,             0.96803,             0.74095,            0.013526,            0.005698,           0.0064624,             0.00406,             0.00406,             0.00406
                 182,            0.023629,           0.0082078,           0.0066784,             0.94539,             0.96425,             0.95837,             0.73623,            0.013175,           0.0056813,           0.0057758,            0.004027,            0.004027,            0.004027
                 183,            0.024518,           0.0083458,           0.0089967,             0.95349,             0.96408,             0.96265,             0.73415,            0.014286,           0.0057522,           0.0055232,            0.003994,            0.003994,            0.003994
                 184,            0.024146,           0.0082787,           0.0062676,             0.97299,             0.94632,             0.96398,              0.7307,            0.013365,            0.005668,           0.0056132,            0.003961,            0.003961,            0.003961
                 185,            0.023253,           0.0080347,           0.0074061,             0.95996,             0.95124,             0.96351,             0.74179,            0.013554,           0.0056399,            0.005901,            0.003928,            0.003928,            0.003928
                 186,            0.024541,           0.0085129,           0.0080419,             0.96068,             0.95242,             0.96206,             0.73892,            0.013866,           0.0055007,           0.0058749,            0.003895,            0.003895,            0.003895
                 187,            0.023827,            0.008373,           0.0079469,             0.95614,              0.9606,              0.9601,             0.75357,            0.013649,             0.00565,           0.0056845,            0.003862,            0.003862,            0.003862
                 188,            0.022399,           0.0082116,           0.0064712,             0.96249,             0.96399,             0.96301,             0.74139,            0.013127,           0.0057821,           0.0053909,            0.003829,            0.003829,            0.003829
                 189,            0.023841,           0.0082757,           0.0085083,             0.96186,             0.95868,             0.96257,             0.74459,            0.013826,           0.0057431,           0.0057076,            0.003796,            0.003796,            0.003796
                 190,            0.022324,           0.0081453,           0.0061626,             0.95625,             0.94872,             0.96817,             0.72505,            0.013919,           0.0056265,           0.0058697,            0.003763,            0.003763,            0.003763
                 191,            0.022153,           0.0076045,           0.0049582,             0.95036,             0.96039,              0.9669,              0.7365,            0.014097,           0.0058229,           0.0052905,             0.00373,             0.00373,             0.00373
                 192,            0.022463,           0.0079492,           0.0050947,             0.95918,             0.96429,             0.96249,             0.73124,            0.013604,           0.0059108,           0.0052306,            0.003697,            0.003697,            0.003697
                 193,            0.023211,           0.0079589,           0.0048807,             0.96568,             0.95285,             0.96246,             0.72996,            0.013843,           0.0059676,           0.0052083,            0.003664,            0.003664,            0.003664
                 194,            0.022829,           0.0084666,           0.0069414,             0.96239,             0.95276,             0.96937,             0.73734,            0.013796,           0.0057338,           0.0051699,            0.003631,            0.003631,            0.003631
                 195,            0.025404,           0.0082322,            0.006168,             0.95313,             0.96617,              0.9665,                0.74,            0.013566,           0.0056616,           0.0051795,            0.003598,            0.003598,            0.003598
                 196,            0.024853,           0.0079471,           0.0065404,             0.95269,             0.96662,             0.97033,              0.7349,            0.013882,           0.0056159,           0.0050493,            0.003565,            0.003565,            0.003565
                 197,            0.023658,           0.0079751,           0.0069974,             0.97644,              0.9724,             0.98085,             0.75549,            0.013556,           0.0055835,           0.0046421,            0.003532,            0.003532,            0.003532
                 198,            0.021538,           0.0075889,           0.0083307,             0.97644,             0.96987,             0.97726,             0.74866,            0.013894,             0.00581,           0.0044711,            0.003499,            0.003499,            0.003499
                 199,             0.02227,           0.0079779,           0.0051233,             0.97832,             0.96801,              0.9681,             0.75025,            0.013613,           0.0054998,           0.0046909,            0.003466,            0.003466,            0.003466
                 200,            0.022344,           0.0080017,           0.0047717,             0.97155,             0.95634,             0.96718,              0.7409,            0.013396,           0.0054395,            0.005929,            0.003433,            0.003433,            0.003433
                 201,            0.023404,           0.0078724,           0.0075324,             0.97434,              0.9283,             0.96725,             0.74958,            0.013467,           0.0054505,           0.0063909,              0.0034,              0.0034,              0.0034
                 202,            0.022118,           0.0079077,           0.0057005,             0.92215,             0.94716,             0.96728,             0.72519,            0.014156,           0.0057324,           0.0065879,            0.003367,            0.003367,            0.003367
                 203,            0.022796,           0.0075115,            0.005929,             0.95515,              0.9545,              0.9675,             0.74803,            0.013305,           0.0057407,           0.0055735,            0.003334,            0.003334,            0.003334
                 204,            0.022962,            0.007872,           0.0079705,             0.94701,             0.95211,             0.96766,             0.74779,            0.013301,           0.0059334,           0.0051049,            0.003301,            0.003301,            0.003301
                 205,            0.023894,           0.0080928,           0.0066636,              0.9625,             0.95654,             0.96781,              0.7346,            0.014425,           0.0060936,            0.005232,            0.003268,            0.003268,            0.003268
                 206,             0.02384,           0.0082896,           0.0071361,             0.97014,             0.96801,             0.97266,             0.73624,             0.01409,           0.0060288,           0.0049147,            0.003235,            0.003235,            0.003235
                 207,            0.022587,           0.0077939,           0.0057735,             0.94907,             0.95968,             0.97368,             0.74065,            0.013876,           0.0060009,           0.0057128,            0.003202,            0.003202,            0.003202
                 208,            0.022081,           0.0078193,           0.0060221,             0.95807,             0.97099,             0.96547,               0.747,            0.013773,           0.0058035,           0.0050783,            0.003169,            0.003169,            0.003169
                 209,            0.024379,           0.0075951,           0.0074358,             0.95071,             0.97101,              0.9689,             0.75717,            0.013274,           0.0057585,           0.0050888,            0.003136,            0.003136,            0.003136
                 210,            0.023712,           0.0077843,           0.0073864,             0.96354,             0.97101,             0.96165,             0.72789,            0.013489,           0.0059653,           0.0048993,            0.003103,            0.003103,            0.003103
                 211,              0.0239,           0.0080576,           0.0054521,             0.95678,             0.97101,             0.96285,              0.7394,            0.013829,           0.0059633,           0.0050938,             0.00307,             0.00307,             0.00307
                 212,            0.023385,            0.007991,           0.0058437,              0.9613,             0.96859,             0.96503,             0.75336,            0.013395,           0.0055632,           0.0050101,            0.003037,            0.003037,            0.003037
                 213,            0.022815,           0.0078458,           0.0066182,             0.96843,               0.965,             0.97032,             0.75202,            0.013442,           0.0055328,           0.0048718,            0.003004,            0.003004,            0.003004
                 214,            0.021607,            0.007417,           0.0064103,             0.97148,             0.96317,             0.97033,             0.74476,            0.013293,            0.005557,           0.0050419,            0.002971,            0.002971,            0.002971
                 215,            0.021576,           0.0073324,           0.0045107,             0.96649,             0.96657,             0.97034,             0.74267,            0.013432,           0.0055467,           0.0050716,            0.002938,            0.002938,            0.002938
                 216,            0.022777,           0.0081146,           0.0055946,             0.96567,              0.9677,             0.96935,             0.73886,            0.013766,            0.005544,           0.0055061,            0.002905,            0.002905,            0.002905
                 217,            0.021906,           0.0076134,           0.0059045,             0.96692,              0.9682,             0.97802,             0.73895,            0.013778,           0.0056489,           0.0053869,            0.002872,            0.002872,            0.002872
                 218,            0.021452,           0.0076251,           0.0065932,               0.972,             0.96928,             0.96822,             0.74366,            0.013049,           0.0055954,           0.0052569,            0.002839,            0.002839,            0.002839
                 219,            0.023062,            0.008114,            0.006959,             0.95437,             0.97061,             0.96271,             0.72608,            0.013596,           0.0058061,           0.0055825,            0.002806,            0.002806,            0.002806
                 220,            0.022038,           0.0077932,           0.0059873,             0.95891,             0.96671,              0.9603,             0.74418,            0.013409,           0.0056141,           0.0055897,            0.002773,            0.002773,            0.002773
                 221,            0.023056,           0.0076131,           0.0075916,             0.93564,             0.95796,             0.95901,             0.72886,            0.013723,           0.0056134,           0.0061213,             0.00274,             0.00274,             0.00274
                 222,            0.022359,           0.0074859,           0.0053186,             0.95291,             0.95617,             0.95214,             0.72729,            0.013523,           0.0056144,           0.0066598,            0.002707,            0.002707,            0.002707
                 223,            0.022854,           0.0074646,           0.0055624,              0.9533,             0.95131,             0.95988,             0.72945,            0.013406,            0.005751,           0.0065938,            0.002674,            0.002674,            0.002674
                 224,            0.022023,           0.0074707,           0.0049673,             0.96323,             0.95363,             0.95833,             0.73987,            0.013447,           0.0056991,           0.0060248,            0.002641,            0.002641,            0.002641
                 225,            0.021646,           0.0077055,            0.005632,              0.9593,             0.95747,             0.96331,             0.73902,            0.013569,           0.0057775,           0.0064161,            0.002608,            0.002608,            0.002608
                 226,             0.02185,           0.0076232,           0.0051788,             0.96658,             0.95592,             0.96363,             0.73973,            0.013532,            0.005979,           0.0060776,            0.002575,            0.002575,            0.002575
                 227,            0.020617,             0.00742,           0.0052927,             0.96511,             0.96142,             0.96211,             0.72857,            0.013276,           0.0059674,           0.0054189,            0.002542,            0.002542,            0.002542
                 228,            0.020448,           0.0073616,            0.005644,             0.95538,             0.95333,             0.96824,             0.74927,            0.013044,           0.0057761,           0.0051174,            0.002509,            0.002509,            0.002509
                 229,            0.021103,           0.0075449,           0.0056887,             0.96391,             0.95655,              0.9679,             0.74003,            0.013142,           0.0057136,           0.0053787,            0.002476,            0.002476,            0.002476
                 230,            0.021067,            0.007826,           0.0047531,             0.96103,             0.95841,             0.96854,             0.73861,            0.013286,            0.005698,           0.0055508,            0.002443,            0.002443,            0.002443
                 231,            0.021093,           0.0072908,            0.005753,             0.97463,             0.94916,             0.96889,             0.75556,            0.012922,           0.0056777,           0.0054614,             0.00241,             0.00241,             0.00241
                 232,            0.021558,           0.0076132,           0.0059519,             0.96468,             0.95323,             0.97306,              0.7595,            0.013057,           0.0057704,           0.0053233,            0.002377,            0.002377,            0.002377
                 233,            0.020809,           0.0075141,           0.0073082,             0.96123,             0.95394,             0.97549,             0.76749,            0.012645,           0.0057952,           0.0049893,            0.002344,            0.002344,            0.002344
                 234,             0.01924,           0.0077087,           0.0035747,             0.96328,             0.95238,              0.9689,             0.75414,            0.012947,           0.0058706,           0.0056119,            0.002311,            0.002311,            0.002311
                 235,            0.021165,            0.007701,           0.0051508,             0.95618,             0.94831,             0.96442,             0.74391,            0.013102,           0.0058575,           0.0061039,            0.002278,            0.002278,            0.002278
                 236,            0.020111,           0.0078833,           0.0045059,             0.98427,              0.9441,             0.96746,             0.75181,            0.013081,           0.0058466,           0.0060043,            0.002245,            0.002245,            0.002245
                 237,            0.019856,           0.0072721,           0.0037956,             0.98379,              0.9488,             0.96748,             0.74399,            0.013242,            0.005852,           0.0056696,            0.002212,            0.002212,            0.002212
                 238,            0.020459,             0.00736,           0.0046637,             0.97204,             0.96023,             0.96763,              0.7565,            0.012931,           0.0057648,           0.0055144,            0.002179,            0.002179,            0.002179
                 239,            0.020757,           0.0076421,           0.0067004,             0.96601,             0.96395,             0.96412,             0.74734,            0.012847,           0.0057664,           0.0050294,            0.002146,            0.002146,            0.002146
                 240,            0.021313,           0.0071398,           0.0041799,             0.96847,             0.96434,             0.96505,             0.74708,            0.013149,           0.0058047,            0.005019,            0.002113,            0.002113,            0.002113
                 241,            0.021021,           0.0076091,           0.0056235,             0.96401,             0.96849,             0.96322,             0.74065,            0.012995,           0.0058065,           0.0052735,             0.00208,             0.00208,             0.00208
                 242,            0.019225,           0.0076977,           0.0046246,             0.96314,             0.96972,             0.96322,             0.74162,            0.013162,           0.0057949,           0.0052693,            0.002047,            0.002047,            0.002047
                 243,            0.019735,           0.0073597,           0.0036405,             0.97102,             0.96817,             0.96339,             0.74666,            0.012867,           0.0057143,            0.005214,            0.002014,            0.002014,            0.002014
                 244,            0.018892,           0.0071587,           0.0037383,             0.99008,              0.9536,             0.96857,             0.74244,             0.01295,           0.0057239,           0.0051978,            0.001981,            0.001981,            0.001981
                 245,            0.018848,           0.0069485,           0.0043611,             0.96726,             0.96137,             0.96604,             0.75272,            0.012912,           0.0057011,           0.0052585,            0.001948,            0.001948,            0.001948
                 246,             0.01966,           0.0070908,           0.0054538,             0.96839,             0.95912,             0.96354,             0.76541,            0.012856,           0.0056913,           0.0054486,            0.001915,            0.001915,            0.001915
                 247,            0.019018,           0.0073557,           0.0047668,             0.96273,              0.9666,             0.96353,              0.7652,            0.012457,           0.0056342,           0.0057562,            0.001882,            0.001882,            0.001882
                 248,            0.019284,           0.0073492,           0.0048749,             0.97294,             0.96031,             0.96346,             0.75897,            0.012955,           0.0058889,           0.0058155,            0.001849,            0.001849,            0.001849
                 249,            0.018571,            0.007393,           0.0034791,             0.97298,             0.95933,              0.9638,             0.75012,            0.012738,           0.0058222,           0.0057997,            0.001816,            0.001816,            0.001816
                 250,            0.018478,           0.0071057,           0.0038937,             0.97149,              0.9603,              0.9637,             0.75185,            0.012773,           0.0058319,           0.0057714,            0.001783,            0.001783,            0.001783
                 251,            0.018944,           0.0075836,            0.005236,             0.96338,             0.95877,             0.96437,             0.74261,            0.012758,           0.0058025,           0.0058934,             0.00175,             0.00175,             0.00175
                 252,            0.018924,           0.0074129,           0.0047363,             0.96781,             0.95483,             0.96443,             0.74187,            0.012822,           0.0058679,           0.0058806,            0.001717,            0.001717,            0.001717
                 253,            0.019739,           0.0072936,           0.0051972,             0.96443,             0.95894,              0.9656,             0.74112,            0.012764,           0.0058756,           0.0056959,            0.001684,            0.001684,            0.001684
                 254,            0.019245,           0.0074496,           0.0042608,             0.96696,             0.96263,             0.96379,             0.73727,             0.01305,           0.0059302,           0.0057657,            0.001651,            0.001651,            0.001651
                 255,            0.019391,           0.0074136,           0.0036484,             0.96099,             0.96995,             0.95832,             0.74503,            0.013012,           0.0058884,           0.0059492,            0.001618,            0.001618,            0.001618
                 256,            0.019093,           0.0072484,           0.0043825,             0.97249,             0.95787,             0.95847,             0.73143,            0.013102,           0.0060279,           0.0059963,            0.001585,            0.001585,            0.001585
                 257,            0.019351,           0.0074601,           0.0046964,             0.96903,             0.96128,             0.96399,             0.74404,            0.012877,           0.0059947,           0.0059209,            0.001552,            0.001552,            0.001552
                 258,            0.018462,           0.0070651,           0.0033644,             0.96979,             0.96135,             0.96696,             0.75976,            0.012789,           0.0060748,           0.0058018,            0.001519,            0.001519,            0.001519
                 259,            0.019938,            0.007426,           0.0041033,              0.9684,             0.96297,             0.96548,             0.74573,            0.012903,           0.0060832,           0.0058756,            0.001486,            0.001486,            0.001486
                 260,            0.018056,           0.0070365,           0.0029521,             0.96541,             0.96218,              0.9689,             0.75524,            0.012662,           0.0060608,           0.0059518,            0.001453,            0.001453,            0.001453
                 261,            0.018368,           0.0069492,           0.0038823,              0.9623,             0.96378,             0.96888,             0.75292,            0.012639,           0.0059249,           0.0060441,             0.00142,             0.00142,             0.00142
                 262,            0.018833,            0.006652,           0.0037381,             0.96296,             0.96182,             0.96864,             0.75241,            0.012589,           0.0058872,           0.0061056,            0.001387,            0.001387,            0.001387
                 263,            0.018252,           0.0071205,           0.0035657,             0.96483,             0.96139,             0.96705,             0.75609,            0.012565,           0.0058879,           0.0059701,            0.001354,            0.001354,            0.001354
                 264,            0.018138,           0.0071689,            0.003281,             0.96103,             0.96577,             0.96412,             0.75566,            0.012467,           0.0058066,           0.0059391,            0.001321,            0.001321,            0.001321
                 265,             0.01779,           0.0069036,           0.0029999,             0.96192,             0.96332,             0.96798,             0.74892,            0.012651,           0.0058298,           0.0059696,            0.001288,            0.001288,            0.001288
                 266,            0.017969,           0.0069784,           0.0050018,              0.9607,             0.96347,             0.96777,             0.74988,            0.012717,           0.0058598,           0.0059237,            0.001255,            0.001255,            0.001255
                 267,            0.018814,           0.0070533,           0.0034063,             0.96784,             0.95465,             0.96784,             0.74224,            0.012675,           0.0059807,           0.0059894,            0.001222,            0.001222,            0.001222
                 268,            0.017524,           0.0069038,           0.0046076,             0.96642,             0.96567,             0.96775,             0.74985,            0.012784,           0.0059897,           0.0060399,            0.001189,            0.001189,            0.001189
                 269,            0.018304,           0.0070097,           0.0032291,             0.96757,             0.96191,              0.9633,             0.74787,               0.013,           0.0061274,           0.0060364,            0.001156,            0.001156,            0.001156
                 270,             0.01835,           0.0072916,           0.0050305,              0.9667,             0.95965,             0.95811,             0.74638,            0.012794,           0.0061446,           0.0059158,            0.001123,            0.001123,            0.001123
                 271,            0.018466,           0.0071222,           0.0044754,             0.96426,             0.95957,             0.95819,             0.74234,            0.012671,            0.006106,           0.0058644,             0.00109,             0.00109,             0.00109
                 272,            0.018685,           0.0069871,           0.0033466,             0.96498,             0.96014,             0.95882,              0.7376,            0.012694,           0.0060934,           0.0060283,            0.001057,            0.001057,            0.001057
                 273,            0.017158,           0.0071599,           0.0046262,             0.96694,             0.96183,             0.95916,             0.74501,             0.01259,           0.0061181,            0.006196,            0.001024,            0.001024,            0.001024
                 274,              0.0175,           0.0070436,           0.0023886,             0.96555,             0.96131,             0.95907,             0.73969,            0.012592,           0.0061409,           0.0062013,            0.000991,            0.000991,            0.000991
                 275,            0.017494,           0.0067746,           0.0035871,             0.96548,             0.96099,             0.95861,             0.74772,            0.012688,           0.0061675,           0.0061756,            0.000958,            0.000958,            0.000958
                 276,             0.01684,           0.0069024,           0.0039893,             0.96149,             0.96649,             0.95857,             0.74747,            0.012653,           0.0061338,           0.0061251,            0.000925,            0.000925,            0.000925
                 277,            0.016922,           0.0068197,            0.002629,             0.96483,             0.96675,             0.96304,             0.75152,              0.0126,           0.0061447,            0.006024,            0.000892,            0.000892,            0.000892
                 278,            0.018131,            0.007231,           0.0036823,             0.96266,             0.96919,             0.96313,             0.75097,            0.012513,           0.0060563,           0.0060358,            0.000859,            0.000859,            0.000859
                 279,            0.017382,           0.0068201,           0.0047533,             0.96387,             0.96398,             0.96379,             0.74773,            0.012686,           0.0060945,           0.0060736,            0.000826,            0.000826,            0.000826
                 280,             0.01752,           0.0067438,           0.0035211,             0.96095,             0.96541,             0.96385,             0.74998,            0.012537,           0.0060221,           0.0060686,            0.000793,            0.000793,            0.000793
                 281,            0.016373,           0.0068818,            0.003261,             0.95777,             0.96784,             0.96363,             0.75071,             0.01243,           0.0059289,            0.006062,             0.00076,             0.00076,             0.00076
                 282,            0.017352,           0.0069346,            0.003138,              0.9624,             0.96666,             0.96362,             0.74774,            0.012563,           0.0059449,           0.0060469,            0.000727,            0.000727,            0.000727
                 283,            0.017103,           0.0070526,           0.0036719,              0.9656,             0.96767,             0.96376,               0.747,            0.012724,           0.0059836,           0.0060694,            0.000694,            0.000694,            0.000694
                 284,            0.017197,           0.0068449,           0.0038425,              0.9686,             0.96524,             0.96383,             0.74936,            0.012542,            0.006016,           0.0060732,            0.000661,            0.000661,            0.000661
                 285,            0.016541,           0.0068553,           0.0033917,               0.966,             0.96885,              0.9639,              0.7542,            0.012323,           0.0060397,           0.0059894,            0.000628,            0.000628,            0.000628
                 286,            0.016611,           0.0067808,           0.0030266,             0.96366,             0.97008,             0.96336,             0.75019,            0.012493,           0.0061033,           0.0060608,            0.000595,            0.000595,            0.000595
                 287,            0.016717,           0.0065621,           0.0029347,             0.96311,             0.96622,             0.96315,             0.74533,            0.012617,           0.0061049,           0.0061088,            0.000562,            0.000562,            0.000562
                 288,            0.016607,           0.0071756,           0.0052678,             0.96624,             0.96453,             0.96316,             0.74617,            0.012591,           0.0060498,           0.0061263,            0.000529,            0.000529,            0.000529
                 289,              0.0165,           0.0065519,           0.0034053,             0.96857,             0.96481,             0.96311,             0.75012,             0.01249,           0.0059853,           0.0061677,            0.000496,            0.000496,            0.000496
                 290,            0.017001,           0.0072537,           0.0027101,             0.96399,              0.9693,             0.96308,              0.7441,             0.01243,            0.005947,           0.0061746,            0.000463,            0.000463,            0.000463
                 291,            0.015937,            0.006694,            0.004181,             0.96557,             0.96517,             0.96312,             0.74917,            0.012382,           0.0059326,            0.006102,             0.00043,             0.00043,             0.00043
                 292,            0.015515,           0.0063072,           0.0023546,             0.96525,             0.96523,             0.96312,             0.75659,            0.012318,           0.0059308,           0.0061011,            0.000397,            0.000397,            0.000397
                 293,            0.016911,           0.0064841,           0.0029161,             0.95871,             0.96876,             0.96307,             0.74845,            0.012388,           0.0059497,           0.0060823,            0.000364,            0.000364,            0.000364
                 294,            0.015827,            0.006676,           0.0033698,              0.9529,             0.96857,             0.96308,             0.74943,            0.012433,           0.0059837,           0.0061756,            0.000331,            0.000331,            0.000331
                 295,             0.01684,           0.0071478,           0.0032543,             0.96504,             0.95371,             0.96319,             0.75606,            0.012501,           0.0060214,           0.0062229,            0.000298,            0.000298,            0.000298
                 296,            0.015881,           0.0066578,           0.0033301,             0.96607,             0.95215,             0.96315,             0.75218,            0.012534,           0.0060433,           0.0061857,            0.000265,            0.000265,            0.000265
                 297,            0.016237,           0.0068391,           0.0025522,             0.96251,             0.95387,             0.96315,             0.75113,            0.012588,           0.0060689,           0.0062116,            0.000232,            0.000232,            0.000232
                 298,            0.014996,           0.0067147,           0.0033286,             0.96521,             0.95263,             0.96319,             0.75121,            0.012599,           0.0060661,           0.0062386,            0.000199,            0.000199,            0.000199
                 299,            0.015449,           0.0066049,           0.0029896,             0.95937,             0.96075,             0.96323,             0.75322,            0.012457,           0.0060382,             0.00619,            0.000166,            0.000166,            0.000166
